,product_id,brand_id,brand_name,product_title,product_code,upc,sold_in_30_days,price,rating,review_count,url,product_type
0,72084,CGN,California Gold Nutrition,"California Gold Nutrition, EuroHerbs™, Passion Flower Extract,  Euromed Quality, 250 mg, 60 Veggie Capsules",CGN-01115,898220000000.0,500+,$4.41 ,4.6,2193,https://www.iherb.com/pr/california-gold-nutrition-euroherbs-passion-flower-extract-euromed-quality-250-mg-60-veggie-capsules/72084,capsule
1,117600,SWV,Swanson,"Swanson, Full Spectrum Passion Flower, 500 mg, 60 Capsules",SWV-11143,87614111438.0,500+,$2.79 ,4.7,743,https://www.iherb.com/pr/swanson-full-spectrum-passion-flower-500-mg-60-capsules/117600,capsule
2,18995,SOR,Solaray,"Solaray, True Herbs, Passion Flower, 700 mg, 100 VegCaps (350 mg per Capsule)",SOR-01430,76280014303.0,"1,000+",$11.26 ,4.7,4910,https://www.iherb.com/pr/solaray-true-herbs-passion-flower-700-mg-100-vegcaps-350-mg-per-capsule/18995,capsule
3,18044,NOW,NOW Foods,"NOW Foods, Passion Flower, 350 mg, 90 Veg Capsules",NOW-04763,733739000000.0,400+,$11.01 ,4.7,857,https://www.iherb.com/pr/now-foods-passion-flower-350-mg-90-veg-capsules/18044,capsule
4,129090,NCS,Nutricost,"Nutricost, Passion Flower Extract, 1,500 mg, 120 Capsules",NCS-67395,810015000000.0,200+,$10.00 ,4.7,229,https://www.iherb.com/pr/nutricost-passion-flower-extract-1-500-mg-120-capsules/129090,capsule
5,5222,NTA,Nature's Answer,"Nature's Answer, Passionflower Aerial Parts, Fluid Extract, Alcohol-Free, 2,000 mg, 1 fl oz (30 ml)",NTA-00654,83000006548.0,400+,$12.74 ,4.6,1854,https://www.iherb.com/pr/nature-s-answer-passionflower-aerial-parts-fluid-extract-alcohol-free-2-000-mg-1-fl-oz-30-ml/5222,liquid
6,30819,FRO,Frontier Co-op,"Frontier Co-op, Cut & Sifted Passion Flower Herb, 16 oz (453 g)",FRO-00625,89836006257.0,100+,$12.75 ,4.6,337,https://www.iherb.com/pr/frontier-co-op-cut-sifted-passion-flower-herb-16-oz-453-g/30819,raw herb
7,110043,OWH,Oregon's Wild Harvest,"Oregon's Wild Harvest, Organic Passionflower, 90 Organic Vegan Capsules",OWH-00450,706195000000.0,,$13.10 ,4.7,119,https://www.iherb.com/pr/oregon-s-wild-harvest-organic-passionflower-90-organic-vegan-capsules/110043,capsule
8,5181,NTA,Nature's Answer,"Nature's Answer, Passionflower, 500 mg, 60 Vegetarian Capsule (250 mg per Capsule)",NTA-16421,83000164217.0,100+,$11.24 ,4.7,775,https://www.iherb.com/pr/nature-s-answer-passionflower-500-mg-60-vegetarian-capsule-250-mg-per-capsule/5181,capsule
9,6802,TRA,Traditional Medicinals,"Traditional Medicinals, Organic Nighty Night, Chamomile & Passionflower, Caffeine Free, 16 Wrapped Tea Bags, 0.85 oz (24 g)",TRA-00032,32917000323.0,"1,000+",$6.49 ,4.5,5770,https://www.iherb.com/pr/traditional-medicinals-organic-nighty-night-chamomile-passionflower-caffeine-free-16-wrapped-tea-bags-0-85-oz-24-g/6802,food
10,117658,SWV,Swanson,"Swanson, Passion Flower Liquid Extract, Alcohol & Sugar Free, 1 fl oz (29.6 ml)",SWV-11325,87614113258.0,,$7.19 ,4.6,75,https://www.iherb.com/pr/swanson-passion-flower-liquid-extract-alcohol-sugar-free-1-fl-oz-29-6-ml/117658,liquid
11,124355,SOR,Solaray,"Solaray, Vital Extracts, Passion FLower, 250 mg, 60 VegCaps",SOR-11104,76280111040.0,,$13.49 ,4.8,36,https://www.iherb.com/pr/solaray-vital-extracts-passion-flower-250-mg-60-vegcaps/124355,capsule
12,51408,NAP,NaturesPlus,"NaturesPlus, Herbal Actives, Passion Flower, 250 mg, 60 Capsules",NAP-07236,97467072367.0,,$9.49 ,4.6,176,https://www.iherb.com/pr/naturesplus-herbal-actives-passion-flower-250-mg-60-capsules/51408,capsule
13,5229,NTA,Nature's Answer,"Nature's Answer, Passionflower Aerial Parts, Fluid Extract, 2,000 mg, 1 fl oz (30 ml)",NTA-00442,83000004421.0,,$8.92 ,4.6,311,https://www.iherb.com/pr/nature-s-answer-passionflower-aerial-parts-fluid-extract-2-000-mg-1-fl-oz-30-ml/5229,liquid
14,120250,BAC,Bach,"Bach, Rescue Plus, Mood & Stress Support, Orange, 60 Vegan Gummies",BAC-40316,741273000000.0,200+,$15.74 ,4.4,96,https://www.iherb.com/pr/bach-rescue-plus-mood-stress-support-orange-60-vegan-gummies/120250,gummy
15,122722,NTH,Nature's Truth,"Nature's Truth, Calm Caps™ Plus Passion Flower & Chamomile, 90 Quick Release Capsules",NTH-11398,840093000000.0,,$9.56 ,4.6,32,https://www.iherb.com/pr/nature-s-truth-calm-caps-plus-passion-flower-chamomile-90-quick-release-capsules/122722,capsule
16,117952,SWV,Swanson,"Swanson, Chrysin Passionflower Extract, 30 Veggie Capsules",SWV-14201,87614142012.0,100+,$11.35 ,4.6,91,https://www.iherb.com/pr/swanson-chrysin-passionflower-extract-30-veggie-capsules/117952,capsule
17,4635,PAR,Paradise Herbs,"Paradise Herbs, Passion Flower, 60 Vegetarian Capsules",PAR-77766,601945000000.0,,$6.24 ,4.4,85,https://www.iherb.com/pr/paradise-herbs-passion-flower-60-vegetarian-capsules/4635,capsule
18,10998,HBP,Herb Pharm,"Herb Pharm, Passionflower, 1 fl oz (30 ml)",HBP-80004,90800000041.0,,$11.92 ,4.6,119,https://www.iherb.com/pr/herb-pharm-passionflower-1-fl-oz-30-ml/10998,liquid
19,118385,SWV,Swanson,"Swanson, Lemon Balm, Passionflower, Skullcap Complex, 180 Capsules",SWV-11712,87614117126.0,,$12.95 ,4.4,75,https://www.iherb.com/pr/swanson-lemon-balm-passionflower-skullcap-complex-180-capsules/118385,capsule
20,2992,ECL,Eclectic Herb,"Eclectic Herb, Valerian Passion Flower, 250 mg, 90 Veg Caps",ECL-31900,23363319008.0,,$21.58 ,4.6,112,https://www.iherb.com/pr/eclectic-herb-valerian-passion-flower-250-mg-90-veg-caps/2992,capsule
21,88572,TWN,Twinings,"Twinings, Unwinding Passionflower Herbal Tea, Spiced Apple & Vanilla, Caffeine Free, 18 Tea Bags, 0.95 oz (27 g)",TWN-22511,70177225117.0,,$5.25 ,4.7,926,https://www.iherb.com/pr/twinings-unwinding-passionflower-herbal-tea-spiced-apple-vanilla-caffeine-free-18-tea-bags-0-95-oz-27-g/88572,food
22,132382,TCB,The Patch Brand,"The Patch Brand, Sleep Patch, 15 Clear Patches",TCB-40801,850032000000.0,400+,$9.89 ,4.3,307,https://www.iherb.com/pr/the-patch-brand-sleep-patch-15-clear-patches/132382,patch
23,144948,NSK,Natural Stacks,"Natural Stacks, Apigenin+, 120 Vegan Capsules",NSK-13075,850038000000.0,,$20.65 ,4.3,3,https://www.iherb.com/pr/natural-stacks-apigenin-120-vegan-capsules/144948,capsule
24,132384,TCB,The Patch Brand,"The Patch Brand, Calm Patch, 15 Clear Patches",TCB-40803,850032000000.0,100+,$6.92 ,4.3,116,https://www.iherb.com/pr/the-patch-brand-calm-patch-15-clear-patches/132384,patch
25,3054,FLO,Flora,"Flora, Cardio-Essence, 17 fl oz (500 ml)",FLO-68145,61998681459.0,,$19.99 ,4.7,71,https://www.iherb.com/pr/flora-cardio-essence-17-fl-oz-500-ml/3054,liquid
26,141146,NLO,Natural Outcome,"Natural Outcome, Relax, Calming Facial Mist, 4 oz (120 ml)",NLO-94366,753123000000.0,,$6.41 ,4.9,7,https://www.iherb.com/pr/natural-outcome-relax-calming-facial-mist-4-oz-120-ml/141146,bath&beauty
27,135840,UNM,Unisom,"Unisom, Kids Simple Slumbers, Age 4+, Grape, 30 Gummies",UNM-00630,41167006306.0,,$5.44 ,5.0,1,https://www.iherb.com/pr/unisom-kids-simple-slumbers-age-4-grape-30-gummies/135840,gummy
28,83009,LSE,LifeSeasons,"LifeSeasons, Rest-ZZZ, Sleep Support, 60 Veg Capsules",LSE-00216,853760000000.0,,$26.34 ,4.2,206,https://www.iherb.com/pr/lifeseasons-rest-zzz-sleep-support-60-veg-capsules/83009,capsule
29,128567,LSE,LifeSeasons,"LifeSeasons, Rest-ZZZ, Melatonin-Free Sleep Support, 60 Veg Capsules",LSE-00289,853760000000.0,,$26.34 ,4.5,25,https://www.iherb.com/pr/lifeseasons-rest-zzz-melatonin-free-sleep-support-60-veg-capsules/128567,capsule
31,134943,GPT,The Good Patch,"The Good Patch, Relax , 4 Patches",GPT-87469,850015000000.0,,$12.00 ,4.9,7,https://www.iherb.com/pr/the-good-patch-relax-4-patches/134943,patch
32,20583,MTG,Metagenics,"Metagenics, MyoCalm®, 180 Tablets",MTG-02496,755571000000.0,,$49.23 ,4.6,11,https://www.iherb.com/pr/metagenics-myocalm-180-tablets/20583,tablet
34,132432,OLE,OLLY,"OLLY, Plant Powered Rest, 30 Capsules",OLE-20209,840160000000.0,,$19.99 ,3.9,7,https://www.iherb.com/pr/olly-plant-powered-rest-30-capsules/132432,capsule
35,76632,ZAH,Zahler,"Zahler, StressMaster, Relaxation Support Formula, 120 Capsules",ZAH-08079,848998000000.0,,$31.83 ,4.7,65,https://www.iherb.com/pr/zahler-stressmaster-relaxation-support-formula-120-capsules/76632,capsule
36,33748,GAI,Gaia Herbs,"Gaia Herbs, Sleep & Relax Herbal Tea, Caffeine-Free, 16 Tea Bags, 0.96 oz (27.2 g)",GAI-14530,751063000000.0,500+,$5.52 ,4.5,1246,https://www.iherb.com/pr/gaia-herbs-sleep-relax-herbal-tea-caffeine-free-16-tea-bags-0-96-oz-27-2-g/33748,food
37,98964,NTB,Natural Balance,"Natural Balance, Cobra Women, 60 VegCaps",NTB-51970,47868519701.0,,$22.49 ,4.5,160,https://www.iherb.com/pr/natural-balance-cobra-women-60-vegcaps/98964,capsule
38,110467,CGN,California Gold Nutrition,"California Gold Nutrition, Goodnight Sleep,  1 fl oz (30 ml)",CGN-02121,898220000000.0,500+,$6.59 ,4.4,742,https://www.iherb.com/pr/california-gold-nutrition-goodnight-sleep-1-fl-oz-30-ml/110467,liquid
39,85156,GAI,Gaia Herbs,"Gaia Herbs, Emotional Balance, 60 Vegan Liquid Phyto-Caps",GAI-15047,751063000000.0,,$31.49 ,4.5,33,https://www.iherb.com/pr/gaia-herbs-emotional-balance-60-vegan-liquid-phyto-caps/85156,capsule
40,126453,OWH,Oregon's Wild Harvest,"Oregon's Wild Harvest, Organic Valerian Hops, 1 fl oz (30 ml)",OWH-00301,706195000000.0,,$12.34 ,4.5,17,https://www.iherb.com/pr/oregon-s-wild-harvest-organic-valerian-hops-1-fl-oz-30-ml/126453,liquid
41,15871,HEC,Herbs Etc.,"Herbs Etc., Deep Sleep, Alcohol Free, 1 fl oz (30 ml)",HEC-31001,765704000000.0,100+,$17.98 ,4.2,213,https://www.iherb.com/pr/herbs-etc-deep-sleep-alcohol-free-1-fl-oz-30-ml/15871,liquid
42,37431,SOR,Solaray,"Solaray, Sleep™ Blend SP-17, 100 VegCaps",SOR-02170,76280021707.0,750+,$8.95 ,4.4,2406,https://www.iherb.com/pr/solaray-sleep-blend-sp-17-100-vegcaps/37431,capsule
44,38862,GAI,Gaia Herbs,"Gaia Herbs, SleepThru, 60 Vegan Liquid Phyto-Caps",GAI-14576,751063000000.0,100+,$32.39 ,4.5,350,https://www.iherb.com/pr/gaia-herbs-sleepthru-60-vegan-liquid-phyto-caps/38862,capsule
45,43957,MBM,Metabolic Maintenance,"Metabolic Maintenance, Stress Maintenance, 90 Capsules",MBM-00602,838287000000.0,100+,$36.00 ,4.7,114,https://www.iherb.com/pr/metabolic-maintenance-stress-maintenance-90-capsules/43957,capsule
46,63371,NWY,Nature's Way,"Nature's Way, Sambucus, Nighttime Syrup with Melatonin, Elderberry, 4 fl oz (120 ml)",NWY-10532,33674105320.0,,$6.21 ,4.8,4,https://www.iherb.com/pr/nature-s-way-sambucus-nighttime-syrup-with-melatonin-elderberry-4-fl-oz-120-ml/63371,liquid
47,126441,OWH,Oregon's Wild Harvest,"Oregon's Wild Harvest, Kids Tranquil Child, 1 fl oz (30 ml)",OWH-00317,706195000000.0,,$9.52 ,4.4,7,https://www.iherb.com/pr/oregon-s-wild-harvest-kids-tranquil-child-1-fl-oz-30-ml/126441,liquid
48,4861,NTB,Natural Balance,"Natural Balance, Happy Camper, Mood, 120 Vegcaps",NTB-28120,47868281202.0,,$28.99 ,4.4,197,https://www.iherb.com/pr/natural-balance-happy-camper-mood-120-vegcaps/4861,capsule
49,15862,HEC,Herbs Etc.,"Herbs Etc., Deep Sleep, 120 Softgels",HEC-50301,765705000000.0,100+,$48.27 ,4.3,514,https://www.iherb.com/pr/herbs-etc-deep-sleep-120-softgels/15862,capsule
50,98973,SOR,Solaray,"Solaray, Extra-Strength IbuActin PM, 90 VegCaps",SOR-17560,76280175608.0,,$26.99 ,4.7,119,https://www.iherb.com/pr/solaray-extra-strength-ibuactin-pm-90-vegcaps/98973,capsule
53,46061,ETB,Earth's Bounty,"Earth's Bounty, Sleep Perfect, 60 Capsules",ETB-25000,707990000000.0,,$14.99 ,4.3,113,https://www.iherb.com/pr/earth-s-bounty-sleep-perfect-60-capsules/46061,capsule
54,139356,BAC,Bach,"Bach, Rescue Pet, Calming Chews, For Dogs, Peanut Butter & Apple, 60 Soft Chews, 6.35 oz (180 g)",BAC-40378,741273000000.0,,$12.42 ,4.4,8,https://www.iherb.com/pr/bach-rescue-pet-calming-chews-for-dogs-peanut-butter-apple-60-soft-chews-6-35-oz-180-g/139356,chew
55,117853,SWV,Swanson,"Swanson, Sleep Essentials, 60 Veggie Capsules",SWV-07104,87614071046.0,400+,$4.23 ,4.6,398,https://www.iherb.com/pr/swanson-sleep-essentials-60-veggie-capsules/117853,capsule
56,116490,NDN,Nested Naturals,"Nested Naturals, Luna, Gentle Sleep Supplement with Melatonin, 60 Vegan Capsules",NDN-00700,852446000000.0,,$19.95 ,4.4,45,https://www.iherb.com/pr/nested-naturals-luna-gentle-sleep-supplement-with-melatonin-60-vegan-capsules/116490,capsule
57,129076,NCS,Nutricost,"Nutricost, Sleep Aid Complex , 90 Capsules",NCS-57082,810140000000.0,100+,$11.95 ,4.6,93,https://www.iherb.com/pr/nutricost-sleep-aid-complex-90-capsules/129076,capsule
58,141633,MTN,M3 Naturals,"M3 Naturals, Lavender Massage Oil, 8 fl oz (240 ml)",MTN-37165,850021000000.0,,$24.99 ,4.3,9,https://www.iherb.com/pr/m3-naturals-lavender-massage-oil-8-fl-oz-240-ml/141633,liquid
59,142876,ZAH,Zahler,"Zahler, Mantra Labs, Rest, Lemon Chamomile, 4.8 oz (135 g)",ZAH-27261,850017000000.0,,$18.80 ,5.0,48,https://www.iherb.com/pr/zahler-mantra-labs-rest-lemon-chamomile-4-8-oz-135-g/142876,food
61,101871,BAB,Mommy's Bliss,"Mommy's Bliss, Organic, Little Gums Soothing Massage Gel, Day/Night Pack, Age 2 Months+, 2 Tubes , 0.53 oz (15 g) Each",BAB-06106,679234000000.0,400+,$12.59 ,4.7,1178,https://www.iherb.com/pr/mommy-s-bliss-organic-little-gums-soothing-massage-gel-day-night-pack-age-2-months-2-tubes-0-53-oz-15-g-each/101871,gel
62,70019,SOR,Solaray,"Solaray, Female Hormone Blend SP-7C, 100 VegCaps",SOR-00276,76280002768.0,"1,000+",$10.77 ,4.5,4339,https://www.iherb.com/pr/solaray-female-hormone-blend-sp-7c-100-vegcaps/70019,capsule
63,69502,HBP,Herb Pharm,"Herb Pharm, Kids, Fast Asleep, Alcohol Free, 1 fl oz (30 ml)",HBP-03068,90700030681.0,200+,$12.78 ,4.2,256,https://www.iherb.com/pr/herb-pharm-kids-fast-asleep-alcohol-free-1-fl-oz-30-ml/69502,liquid
64,101961,MGF,MegaFood,"MegaFood, Herbal Sleep, 60 Capsules",MGF-10402,51494104026.0,,$34.99 ,4.5,85,https://www.iherb.com/pr/megafood-herbal-sleep-60-capsules/101961,capsule
65,5500,YGT,Yogi Tea,"Yogi Tea, Bedtime, Caffeine Free, 16 Tea Bags, .85 oz (24 g)",YGT-45001,76950450011.0,"4,000+",$4.48 ,4.5,13226,https://www.iherb.com/pr/yogi-tea-bedtime-caffeine-free-16-tea-bags-85-oz-24-g/5500,food
66,101666,NFS,Natural Factors,"Natural Factors, 3 Brains, The Best-Sleep, 90 Vegetarian Capsules",NFS-03058,68958030586.0,,$18.71 ,4.4,368,https://www.iherb.com/pr/natural-factors-3-brains-the-best-sleep-90-vegetarian-capsules/101666,capsule
67,132556,NWY,Nature's Way,"Nature's Way, Sambucus, Sleep + Immune, 30 Gummies",NWY-13312,33674133125.0,,$10.58 ,4.8,18,https://www.iherb.com/pr/nature-s-way-sambucus-sleep-immune-30-gummies/132556,gummy
68,102025,NWY,Nature's Way,"Nature's Way, Sambucus®, Sleep & Immune Elderberry Gummy with Melatonin, Vitamin C & Zinc, 50 Gummies",NWY-13496,33674134962.0,100+,$15.11 ,4.6,358,https://www.iherb.com/pr/nature-s-way-sambucus-sleep-immune-elderberry-gummy-with-melatonin-vitamin-c-zinc-50-gummies/102025,gummy
69,113252,NLD,Natural Dog Company,"Natural Dog Company, Calming Soft Chews, For Dogs, All Ages, 90 Soft Chewable Bites, 9.5 oz (270 g)",NLD-00093,741099000000.0,,$28.95 ,4.4,22,https://www.iherb.com/pr/natural-dog-company-calming-soft-chews-for-dogs-all-ages-90-soft-chewable-bites-9-5-oz-270-g/113252,chew
70,141624,YGT,Yogi Tea,"Yogi Tea, Stress + Sleep, Cinnamon Horchata, Caffeine Free, 16 Tea Bags, 1.12 oz (32 g)",YGT-20908,76950209084.0,200+,$4.48 ,4.6,93,https://www.iherb.com/pr/yogi-tea-stress-sleep-cinnamon-horchata-caffeine-free-16-tea-bags-1-12-oz-32-g/141624,food
71,136117,ZTP,Zesty Paws,"Zesty Paws, Lil' Zesties, Calming Squares, For Dogs, All Ages, Smoked Chicken, 10 oz (283 g)",ZTP-59050,810031000000.0,,$11.32 ,4.8,8,https://www.iherb.com/pr/zesty-paws-lil-zesties-calming-squares-for-dogs-all-ages-smoked-chicken-10-oz-283-g/136117,dog food
72,113924,FOA,Force Factor,"Force Factor, Somnapure®, Melatonin + Natural Botanicals, Dream Berry, 8 fl oz (237 ml)",FOA-01707,818594000000.0,,$14.33 ,4.6,51,https://www.iherb.com/pr/force-factor-somnapure-melatonin-natural-botanicals-dream-berry-8-fl-oz-237-ml/113924,liquid
73,126027,ABR,Abra Therapeutics,"Abra Therapeutics, Aromasaurus Sleep, Aroma Therapy Bubble Bath, 20 oz (566 g)",ABR-83303,21204833034.0,,$10.75 ,3.5,26,https://www.iherb.com/pr/abra-therapeutics-aromasaurus-sleep-aroma-therapy-bubble-bath-20-oz-566-g/126027,bath&beauty
74,4605,NTB,Natural Balance,"Natural Balance, HTP Calm, 60 VegCaps",NTB-41860,47868418608.0,,$21.99 ,4.2,49,https://www.iherb.com/pr/natural-balance-htp-calm-60-vegcaps/4605,capsule
75,56485,FLO,Flora,"Flora, Sleep-Essence, 17 fl oz (500 ml)",FLO-68150,61998681503.0,,$18.28 ,4.1,15,https://www.iherb.com/pr/flora-sleep-essence-17-fl-oz-500-ml/56485,liquid
76,101873,BAB,Mommy's Bliss,"Mommy's Bliss, Kids Sleep Liquid, Melatonin, Kids 3 Yrs +, Natural Grape, 4 fl oz (120 ml)",BAB-07183,679234000000.0,"3,000+",$8.49 ,4.8,2855,https://www.iherb.com/pr/mommy-s-bliss-kids-sleep-liquid-melatonin-kids-3-yrs-natural-grape-4-fl-oz-120-ml/101873,liquid
77,107213,NWY,Nature's Way,"Nature's Way, Sleep Tonight™, Melatonin Drops With L-Theanine® & Herbals, Non-Alcoholic, Cherry, 2 fl oz ( 59 ml)",NWY-10746,763948000000.0,,$11.44 ,4.7,71,https://www.iherb.com/pr/nature-s-way-sleep-tonight-melatonin-drops-with-l-theanine-herbals-non-alcoholic-cherry-2-fl-oz-59-ml/107213,liquid
78,116611,WGH,WishGarden Herbs,"WishGarden Herbs, Serious PM™ Cough, Soothing Syrup, 4 fl oz (120 ml)",WGH-05374,656490000000.0,,$13.59 ,4.6,61,https://www.iherb.com/pr/wishgarden-herbs-serious-pm-cough-soothing-syrup-4-fl-oz-120-ml/116611,liquid
79,6807,TRA,Traditional Medicinals,"Traditional Medicinals, Organic Cup of Calm, Chamomile Mint, Caffeine Free, 16 Wrapped Tea Bags, 0.85 oz (24 g)",TRA-00017,32917000170.0,500+,$6.49 ,4.7,877,https://www.iherb.com/pr/traditional-medicinals-organic-cup-of-calm-chamomile-mint-caffeine-free-16-wrapped-tea-bags-0-85-oz-24-g/6807,food
80,119186,OLE,OLLY,"OLLY, Sleep, Blackberry Zen, 70 Gummies",OLE-00802,852933000000.0,,$17.99 ,4.7,118,https://www.iherb.com/pr/olly-sleep-blackberry-zen-70-gummies/119186,gummy
81,142999,HEC,Herbs Etc.,"Herbs Etc., Deep Sleep, Alcohol Free, 2 fl oz (59 ml)",HEC-31002,765704000000.0,,$28.71 ,4.7,9,https://www.iherb.com/pr/herbs-etc-deep-sleep-alcohol-free-2-fl-oz-59-ml/142999,liquid
83,39374,NOW,NOW Foods,"NOW Foods, Sleep, 90 Veg Capsules",NOW-04768,733739000000.0,"2,000+",$10.71 ,4.4,2805,https://www.iherb.com/pr/now-foods-sleep-90-veg-capsules/39374,capsule
84,122463,NLD,Natural Dog Company,"Natural Dog Company, Calming Oil, For Dogs, All Ages, Peanut Butter & Bacon, 16 fl oz (473 ml)",NLD-82001,810103000000.0,,$14.38 ,4.8,9,https://www.iherb.com/pr/natural-dog-company-calming-oil-for-dogs-all-ages-peanut-butter-bacon-16-fl-oz-473-ml/122463,liquid
85,101874,BAB,Mommy's Bliss,"Mommy's Bliss, Kids Sleep Chewable, Melatonin + Magnesium, Kids 3 Yrs+, Natural Grape, 35 Chewable Tablets",BAB-07184,679234000000.0,"5,000+",$6.98 ,4.8,5836,https://www.iherb.com/pr/mommy-s-bliss-kids-sleep-chewable-melatonin-magnesium-kids-3-yrs-natural-grape-35-chewable-tablets/101874,tablet
86,139458,NRO,NeuroGum,"NeuroGum, NeuroMints, Sleep & Recharge, Mixed Berry, 6 Packs, 12 Meltaway Mints Each",NRO-89305,850043000000.0,,$25.00 ,4.9,7,https://www.iherb.com/pr/neurogum-neuromints-sleep-recharge-mixed-berry-6-packs-12-meltaway-mints-each/139458,food
87,137864,PHV,ProHealth Longevity,"ProHealth Longevity, Sleep Longevity, 60 Capsules",PHV-77910,850031000000.0,,$28.89 ,4.4,18,https://www.iherb.com/pr/prohealth-longevity-sleep-longevity-60-capsules/137864,capsule
88,119187,OLE,OLLY,"OLLY, Sleep, Blackberry Zen, 70 Gummies",OLE-20062,840160000000.0,100+,$19.99 ,4.6,123,https://www.iherb.com/pr/olly-sleep-blackberry-zen-70-gummies/119187,gummy
89,113157,SOL,Solgar,"Solgar, Sleep & Stress Support, 60 Vegetable Capsules",SOL-30320,33984303201.0,100+,$17.24 ,4.5,255,https://www.iherb.com/pr/solgar-sleep-stress-support-60-vegetable-capsules/113157,capsule
91,115403,TEO,Terra Origin,"Terra Origin, Healthy Sleep & Wake, 60 Capsules",TEO-00704,857668000000.0,,$24.99 ,4.4,119,https://www.iherb.com/pr/terra-origin-healthy-sleep-wake-60-capsules/115403,capsule
92,107739,ATN,Ancient Nutrition,"Ancient Nutrition, Sleep, Stress & Sleep Support, 60 Capsules",ATN-02558,816401000000.0,,$22.91 ,4.1,86,https://www.iherb.com/pr/ancient-nutrition-sleep-stress-sleep-support-60-capsules/107739,capsule
93,119320,TRA,Traditional Medicinals,"Traditional Medicinals, Organic Cold Care PM, Meadowsweet Cinnamon, Caffeine Free, 16 Wrapped Tea Bags, 1.13 oz (32 g)",TRA-00732,32917007322.0,100+,$5.58 ,4.8,87,https://www.iherb.com/pr/traditional-medicinals-organic-cold-care-pm-meadowsweet-cinnamon-caffeine-free-16-wrapped-tea-bags-1-13-oz-32-g/119320,food
94,55506,HPI,Health Plus,"Health Plus, Super Colon Cleanse, Night, 60 Capsules",HPI-08781,83502087816.0,100+,$13.49 ,4.5,383,https://www.iherb.com/pr/health-plus-super-colon-cleanse-night-60-capsules/55506,capsule
95,129640,MHN,Michael's Naturopathic,"Michael's Naturopathic, For Women's Changes, 180 Vegetarian Tablets",MHN-01284,755929000000.0,,$29.12 ,4.2,5,https://www.iherb.com/pr/michael-s-naturopathic-for-women-s-changes-180-vegetarian-tablets/129640,tablet
96,73738,SOR,Solaray,"Solaray, Nerve Blend SP-14™, 100 VegCaps",SOR-02140,76280021400.0,,$9.59 ,4.7,305,https://www.iherb.com/pr/solaray-nerve-blend-sp-14-100-vegcaps/73738,capsule
97,119164,OLE,OLLY,"OLLY, Kids Sleep, Razzzberry, 50 Gummies",OLE-46206,850004000000.0,,$13.99 ,4.7,54,https://www.iherb.com/pr/olly-kids-sleep-razzzberry-50-gummies/119164,gummy
98,106752,VFU,VitaFusion,"VitaFusion, Kids, Melatonin Gummies, For Ages 4+, Natural Tropical Peach, 1.5 mg, 50 Gummies",VFU-00170,27917001708.0,100+,$12.89 ,4.7,154,https://www.iherb.com/pr/vitafusion-kids-melatonin-gummies-for-ages-4-natural-tropical-peach-1-5-mg-50-gummies/106752,gummy
99,133621,OLE,OLLY,"OLLY, Sleep Gummies, Maximum Strength, Sugar Free, Strawberry Sunset, 5 mg, 70 Gummies",OLE-20260,840160000000.0,,$21.99 ,4.8,9,https://www.iherb.com/pr/olly-sleep-gummies-maximum-strength-sugar-free-strawberry-sunset-5-mg-70-gummies/133621,gummy
100,85257,GOL,Garden of Life,"Garden of Life, Organics, Sleep Well, Rest & Refresh, 30 Vegan Tablets",GOL-12189,658010000000.0,100+,$23.09 ,4.3,372,https://www.iherb.com/pr/garden-of-life-organics-sleep-well-rest-refresh-30-vegan-tablets/85257,tablet
101,121027,GAI,Gaia Herbs,"Gaia Herbs, Relax, 45 Gummies",GAI-15212,751063000000.0,,$17.99 ,4.8,18,https://www.iherb.com/pr/gaia-herbs-relax-45-gummies/121027,gummy
102,145387,JYS,JoySpring,"JoySpring, Calmify, Liquid Magnesium, 1 fl oz (30 ml)",JYS-88993,850009000000.0,,$24.99 ,4.6,287,https://www.iherb.com/pr/joyspring-calmify-liquid-magnesium-1-fl-oz-30-ml/145387,liquid
103,99064,NTA,Nature's Answer,"Nature's Answer, Melatonin+, 5 mg, 60 Vegetarian Capsules",NTA-16565,83000165658.0,100+,$10.49 ,4.7,391,https://www.iherb.com/pr/nature-s-answer-melatonin-5-mg-60-vegetarian-capsules/99064,capsule
104,69776,EMR,Emerald Laboratories,"Emerald Laboratories, Sleep Health, 60 Vegetable Caps",EMR-00349,743650000000.0,,$29.66 ,3.3,3,https://www.iherb.com/pr/emerald-laboratories-sleep-health-60-vegetable-caps/69776,capsule
105,132814,SCS,Secrets of Tea,"Secrets of Tea, Organic Get Pregnant Fertility Tea, Fruits, Caffeine Free, 20 Tea Bags, 1.41 oz (40 g)",SCS-00687,850302000000.0,,$11.20 ,4.3,26,https://www.iherb.com/pr/secrets-of-tea-organic-get-pregnant-fertility-tea-fruits-caffeine-free-20-tea-bags-1-41-oz-40-g/132814,food
106,132873,ORA,Ora,"Ora, You're a Knockout, Sleep & Stress Support, 60 Capsules",ORA-00761,856720000000.0,,$37.99 ,4.3,15,https://www.iherb.com/pr/ora-you-re-a-knockout-sleep-stress-support-60-capsules/132873,capsule
107,132798,SCS,Secrets of Tea,"Secrets of Tea, Organic Get Pregnant Fertility Tea, Peppermint, Caffeine Free, 20 Tea Bags, 1.41 oz (40 g)",SCS-00695,850302000000.0,,$9.99 ,4.4,16,https://www.iherb.com/pr/secrets-of-tea-organic-get-pregnant-fertility-tea-peppermint-caffeine-free-20-tea-bags-1-41-oz-40-g/132798,food
108,74978,CSR,Crystal Star,"Crystal Star, Night Caps, 60 Vegetarian Capsules",CSR-03450,747889000000.0,,$9.29 ,4.5,46,https://www.iherb.com/pr/crystal-star-night-caps-60-vegetarian-capsules/74978,capsule
109,130782,NTB,Natural Balance,"Natural Balance, Happy Camper, Stress Chill, 120 Vegcaps",NTB-24598,47868245983.0,,$31.99 ,4.5,8,https://www.iherb.com/pr/natural-balance-happy-camper-stress-chill-120-vegcaps/130782,capsule
110,72473,KIM,Kirkman Labs,"Kirkman Labs, Herbal Sleep Aid, 60 Capsules",KIM-02457,812325000000.0,,$24.00 ,4.3,35,https://www.iherb.com/pr/kirkman-labs-herbal-sleep-aid-60-capsules/72473,capsule
112,86251,AMX,ALLMAX,"ALLMAX, Lights Out Sleep™, 60 Capsules",AMX-22822,665553000000.0,100+,$22.48 ,4.4,473,https://www.iherb.com/pr/allmax-lights-out-sleep-60-capsules/86251,capsule
114,138806,HBP,Herb Pharm,"Herb Pharm, Kids, Herbal Hug, Alcohol Free, 1 fl oz (30 ml)",HBP-03361,90700033613.0,,$9.58 ,4.7,14,https://www.iherb.com/pr/herb-pharm-kids-herbal-hug-alcohol-free-1-fl-oz-30-ml/138806,liquid
115,19007,SOR,Solaray,"Solaray, Malic Acid Magnesium, 90 Capsules",SOR-46355,76280463552.0,,$15.99 ,4.9,14,https://www.iherb.com/pr/solaray-malic-acid-magnesium-90-capsules/19007,capsule
116,74979,CSR,Crystal Star,"Crystal Star, Focus, 60 Vegetarian Capsules",CSR-01010,747889000000.0,,$12.82 ,4.8,5,https://www.iherb.com/pr/crystal-star-focus-60-vegetarian-capsules/74979,capsule
117,137739,BEL,Bell Lifestyle,"Bell Lifestyle, Sleep & Relax Tea, 20 Tea Bags, 30 g",BEL-11303,771733000000.0,,$6.28 ,4.9,10,https://www.iherb.com/pr/bell-lifestyle-sleep-relax-tea-20-tea-bags-30-g/137739,food
118,139344,FOX,Floradix,"Floradix, Ashwagandha, 8.5 fl oz (250 ml)",GAI-26028,850026000000.0,,$28.79 ,4.2,4,https://www.iherb.com/pr/floradix-floradix-ashwagandha-8-5-fl-oz-250-ml/139344,liquid
119,121388,HHH,Happy Healthy Hippie,"Happy Healthy Hippie, Namastay In Bed, Plant-Based Sleep Aid, 60 Veggie Capsules",HHH-05910,850044000000.0,,$18.95 ,4.6,7,https://www.iherb.com/pr/happy-healthy-hippie-namastay-in-bed-plant-based-sleep-aid-60-veggie-capsules/121388,capsule
120,103615,NWY,Nature's Way,"Nature's Way, Kids, Cool, Calm & Collected, Ages 8 +, Grape , 40 Gummies",NWY-13369,33674133699.0,"2,000+",$11.92 ,4.6,2173,https://www.iherb.com/pr/nature-s-way-kids-cool-calm-collected-ages-8-grape-40-gummies/103615,gummy
121,120864,FOA,Force Factor,"Force Factor, Ultimate Magnesium, Orange Creamsicle, 330 mg, 60  Soft Chews (165 mg per Chew)",FOA-01959,818594000000.0,,$14.98 ,4.8,68,https://www.iherb.com/pr/force-factor-ultimate-magnesium-orange-creamsicle-330-mg-60-soft-chews-165-mg-per-chew/120864,chew
122,144857,SMF,The Smurfs,"The Smurfs, Kids Gummy, Calm & Relaxed, Ages 3+, Smurf Berry, 80 Gummies",SMF-64114,850046000000.0,300+,$12.78 ,4.8,520,https://www.iherb.com/pr/the-smurfs-kids-gummy-calm-relaxed-ages-3-smurf-berry-80-gummies/144857,gummy
123,50270,MAV,Mason Natural,"Mason Natural, Relax & Sleep, 90 Tablets",MAV-14989,311845000000.0,400+,$6.12 ,4.4,2899,https://www.iherb.com/pr/mason-natural-relax-sleep-90-tablets/50270,tablet
124,70243,VFU,VitaFusion,"VitaFusion, SleepWell, Natural White Tea & Peach, 60 Gummies",VFU-02310,27917023106.0,,$8.50 ,4.5,2442,https://www.iherb.com/pr/vitafusion-sleepwell-natural-white-tea-peach-60-gummies/70243,gummy
125,140520,GLH,Global Healing,"Global Healing, Advanced Stress Relief, 120 Capsules",GLH-03271,811839000000.0,,$49.95 ,5.0,8,https://www.iherb.com/pr/global-healing-advanced-stress-relief-120-capsules/140520,capsule
126,57444,CSR,Crystal Star,"Crystal Star, Muscle Relax, 60 Vegetarian Capsules",CSR-01250,747889000000.0,,$15.89 ,4.2,143,https://www.iherb.com/pr/crystal-star-muscle-relax-60-vegetarian-capsules/57444,capsule
127,126043,OGF,Organifi,"Organifi, Gold, Chocolate, 7.16 oz (202.9 g)",OGF-16505,850001000000.0,,$52.46 ,4.7,16,https://www.iherb.com/pr/organifi-gold-chocolate-7-16-oz-202-9-g/126043,powder
128,106908,NCR,New Chapter,"New Chapter, Restful Sleep and Pain Relief, Melatonin & Ginger, 30 Vegetarian Capsules",NCR-90343,727784000000.0,,$13.48 ,4.4,31,https://www.iherb.com/pr/new-chapter-restful-sleep-and-pain-relief-melatonin-ginger-30-vegetarian-capsules/106908,capsule
129,126451,OWH,Oregon's Wild Harvest,"Oregon's Wild Harvest, Biodynamic, SawLogs, Vanilla + Lavender, 1 fl oz (30 ml)",OWH-17216,706195000000.0,,$7.74 ,4.8,5,https://www.iherb.com/pr/oregon-s-wild-harvest-biodynamic-sawlogs-vanilla-lavender-1-fl-oz-30-ml/126451,liquid
130,124380,SOR,Solaray,"Solaray, Eurocalm with Valerian, 60 VegCaps",SOR-03950,76280039504.0,,$14.99 ,4.6,11,https://www.iherb.com/pr/solaray-eurocalm-with-valerian-60-vegcaps/124380,capsule
132,18655,GAI,Gaia Herbs,"Gaia Herbs, Sound Sleep, 120 Vegan Liquid Phyto-Caps",GAI-99666,751064000000.0,,$51.29 ,4.4,147,https://www.iherb.com/pr/gaia-herbs-sound-sleep-120-vegan-liquid-phyto-caps/18655,capsule
134,81876,NBG,Nutra BioGenesis,"Nutra BioGenesis, Stress Factors, 60 Capsules",NBG-10268,812806000000.0,,$34.49 ,4.4,38,https://www.iherb.com/pr/nutra-biogenesis-stress-factors-60-capsules/81876,capsule
135,126449,OWH,Oregon's Wild Harvest,"Oregon's Wild Harvest, Biodynamic, Namaste, Cherry, Lavender, 1 fl oz (30 ml)",OWH-17214,706195000000.0,,$7.74 ,4.8,8,https://www.iherb.com/pr/oregon-s-wild-harvest-biodynamic-namaste-cherry-lavender-1-fl-oz-30-ml/126449,liquid
136,23914,BEL,Bell Lifestyle,"Bell Lifestyle, Good Night's Sleep, 60 Veggie Capsules",BEL-10913,771733000000.0,,$14.35 ,3.9,15,https://www.iherb.com/pr/bell-lifestyle-good-night-s-sleep-60-veggie-capsules/23914,capsule
137,119190,OLE,OLLY,"OLLY, Sleep, 60 Softgels",OLE-46266,850004000000.0,400+,$19.99 ,4.5,623,https://www.iherb.com/pr/olly-sleep-60-softgels/119190,capsule
139,105634,ECL,Eclectic Herb,"Eclectic Herb, Kids Herbal Glycerite, Sleep, 2 fl oz (60 ml)",ECL-62211,23363622115.0,,$22.62 ,4.2,51,https://www.iherb.com/pr/eclectic-herb-kids-herbal-glycerite-sleep-2-fl-oz-60-ml/105634,liquid
140,66284,NOW,NOW Foods,"NOW Foods, Pets, Pet Relaxant for Dogs/Cats, 90 Chewable Tablets, 3.33 oz (94.5 g)",NOW-04310,733739000000.0,,$10.12 ,3.9,170,https://www.iherb.com/pr/now-foods-pets-pet-relaxant-for-dogs-cats-90-chewable-tablets-3-33-oz-94-5-g/66284,tablet
141,116630,WGH,WishGarden Herbs,"WishGarden Herbs, Sleepy™ Nights & Fresh Mornings, 2 fl oz (59 ml)",WGH-55672,656491000000.0,,$14.42 ,4.1,15,https://www.iherb.com/pr/wishgarden-herbs-sleepy-nights-fresh-mornings-2-fl-oz-59-ml/116630,liquid
142,106664,NOB,Nobi Nutrition,"Nobi Nutrition, Premium Night Time Fat Burner, 60 Capsules",NOB-27406,850018000000.0,500+,$19.95 ,4.4,1212,https://www.iherb.com/pr/nobi-nutrition-premium-night-time-fat-burner-60-capsules/106664,capsule
143,132439,OLE,OLLY,"OLLY, Sleep, Maximum Strength, Strawberry Sunset, 50 Gummies",OLE-20251,840160000000.0,,$17.99 ,5.0,1,https://www.iherb.com/pr/olly-sleep-maximum-strength-strawberry-sunset-50-gummies/132439,gummy
144,126042,OGF,Organifi,"Organifi, Original Gold, Superfood Supplement, 6.91 oz (196 g)",OGF-16501,850001000000.0,,$48.96 ,4.9,10,https://www.iherb.com/pr/organifi-original-gold-superfood-supplement-6-91-oz-196-g/126042,powder
145,126003,BYN,Banyan Botanicals,"Banyan Botanicals, Tranquil Mind™, 90 Tablets",BYN-01101,618192000000.0,,$26.99 ,5.0,6,https://www.iherb.com/pr/banyan-botanicals-tranquil-mind-90-tablets/126003,tablet
147,116928,CRK,Creekside Natural Therapeutics,"Creekside Natural Therapeutics, Children's, Zen Comfort, Berry, 45 Soft Chewables",CRK-00423,856075000000.0,100+,$14.99 ,4.5,70,https://www.iherb.com/pr/creekside-natural-therapeutics-children-s-zen-comfort-berry-45-soft-chewables/116928,chew
148,56089,HBP,Herb Pharm,"Herb Pharm, Anxiety Soother™, Lavender, 1 fl oz (30 ml)",HBP-00457,90700004576.0,,$11.92 ,4.2,148,https://www.iherb.com/pr/herb-pharm-anxiety-soother-lavender-1-fl-oz-30-ml/56089,liquid
149,130543,NPP,Snap Supplements,"Snap Supplements, Nerve Health, 60 Capsules",NPP-25328,850039000000.0,,$31.41 ,4.5,13,https://www.iherb.com/pr/snap-supplements-nerve-health-60-capsules/130543,capsule
150,134730,OAT,Oat Mama,"Oat Mama, Fertility Tea, Raspberry Vanilla, Caffeine Free, 14 Tea Bags, 32 g",OAT-44898,860001000000.0,,$14.99 ,4.8,4,https://www.iherb.com/pr/oat-mama-fertility-tea-raspberry-vanilla-caffeine-free-14-tea-bags-32-g/134730,food
151,20582,MTG,Metagenics,"Metagenics, MyoCalm® Plus, 180 Tablets",MTG-02490,755571000000.0,,$55.55 ,4.2,13,https://www.iherb.com/pr/metagenics-myocalm-plus-180-tablets/20582,tablet
153,111126,BYN,Banyan Botanicals,"Banyan Botanicals, I Sleep Soundly, 90 Tablets",BYN-01271,618192000000.0,,$26.99 ,4.4,56,https://www.iherb.com/pr/banyan-botanicals-i-sleep-soundly-90-tablets/111126,tablet
154,70134,CAL,KAL,"KAL, Dinosaurs, Relax-a-Saurus, Grape, 30 Chewables",CAL-60221,21245602217.0,400+,$10.63 ,4.7,1720,https://www.iherb.com/pr/kal-dinosaurs-relax-a-saurus-grape-30-chewables/70134,chew
156,2694,NFS,Natural Factors,"Natural Factors, Herbal Factors®, Sleep Relax with Valerian & Hops, 90 Capsules",NFS-04655,68958046556.0,750+,$13.97 ,4.4,3455,https://www.iherb.com/pr/natural-factors-herbal-factors-sleep-relax-with-valerian-hops-90-capsules/2694,capsule
157,111453,NTA,Nature's Answer,"Nature's Answer, Melatonin + Sambucus, Alcohol-Free, 4 fl oz (120 ml)",NTA-26038,83000260384.0,,$9.12 ,4.7,42,https://www.iherb.com/pr/nature-s-answer-melatonin-sambucus-alcohol-free-4-fl-oz-120-ml/111453,liquid
158,79840,IRW,Irwin Naturals,"Irwin Naturals, Good Mood Sleep PM, 54 Liquid Soft-Gels",IRW-59193,710364000000.0,,$12.74 ,4.6,143,https://www.iherb.com/pr/irwin-naturals-good-mood-sleep-pm-54-liquid-soft-gels/79840,gel
159,42971,OWH,Oregon's Wild Harvest,"Oregon's Wild Harvest, Organic Sleep Better, 90 Vegan Capsules",OWH-00454,706195000000.0,100+,$20.96 ,4.4,165,https://www.iherb.com/pr/oregon-s-wild-harvest-organic-sleep-better-90-vegan-capsules/42971,capsule
160,121090,CNH,Chew + Heal,"Chew + Heal, Anxiety + Stress, For Dogs, 30 Soft Chews, 2.3 oz (66 g)",CNH-98755,810069000000.0,,$10.39 ,3.9,33,https://www.iherb.com/pr/chew-heal-anxiety-stress-for-dogs-30-soft-chews-2-3-oz-66-g/121090,chew
161,132404,WGH,WishGarden Herbs,"WishGarden Herbs, P.M.S. Emotional Mood Support, 2 fl oz (59 ml)",WGH-52922,656491000000.0,,$14.50 ,4.2,4,https://www.iherb.com/pr/wishgarden-herbs-p-m-s-emotional-mood-support-2-fl-oz-59-ml/132404,liquid
162,132392,WGH,WishGarden Herbs,"WishGarden Herbs, Postpartum Emotional Baby Blues, 2 fl oz (59 ml)",WGH-55122,656491000000.0,,$14.33 ,4.6,15,https://www.iherb.com/pr/wishgarden-herbs-postpartum-emotional-baby-blues-2-fl-oz-59-ml/132392,liquid
163,111135,CDL,ChildLife Essentials,"ChildLife Essentials, Kids, Sleep Essential®, Natural Berry, 2 fl oz (59 ml)",CDL-10650,608274000000.0,,$18.36 ,4.5,137,https://www.iherb.com/pr/childlife-essentials-kids-sleep-essential-natural-berry-2-fl-oz-59-ml/111135,liquid
164,114587,NHP,NutraChamps,"NutraChamps, Sleep, Natural Berry, 60 Vegan Gummies",NHP-50065,621984000000.0,100+,$19.95 ,4.7,226,https://www.iherb.com/pr/nutrachamps-sleep-natural-berry-60-vegan-gummies/114587,gummy
165,142271,NAU,NATURELO,"NATURELO, Sleep Formula, 60 Vegetarian Capsules",NAU-62823,628111000000.0,,$24.95 ,4.2,5,https://www.iherb.com/pr/naturelo-sleep-formula-60-vegetarian-capsules/142271,capsule
166,15856,HEC,Herbs Etc.,"Herbs Etc., Lung Tonic, 60 Softgels",HEC-50706,765705000000.0,,$30.58 ,4.6,334,https://www.iherb.com/pr/herbs-etc-lung-tonic-60-softgels/15856,capsule
167,110364,MRO,MaryRuth's,"MaryRuth's, Organic, Adrenal & Focus Liquid Extract, Alcohol Free , 1 fl oz (30 ml)",MRO-00847,856645000000.0,100+,$24.95 ,4.7,164,https://www.iherb.com/pr/maryruth-s-organic-adrenal-focus-liquid-extract-alcohol-free-1-fl-oz-30-ml/110364,liquid
168,144472,EVL,EVLution Nutrition,"EVLution Nutrition, RelaxMode, 45 Veggie Capsules",EVL-10010,810167000000.0,750+,$4.87 ,4.8,243,https://www.iherb.com/pr/evlution-nutrition-relaxmode-45-veggie-capsules/144472,capsule
169,15315,HBP,Herb Pharm,"Herb Pharm, Relaxing Sleep™, 1 fl oz (30 ml)",HBP-90041,90900000415.0,100+,$11.92 ,4.2,185,https://www.iherb.com/pr/herb-pharm-relaxing-sleep-1-fl-oz-30-ml/15315,liquid
170,131427,NHP,NutraChamps,"NutraChamps, Dreamrite, 60 Easy-To-Swallow Veggie Capsules",NHP-99961,621984000000.0,,$18.95 ,4.9,60,https://www.iherb.com/pr/nutrachamps-dreamrite-60-easy-to-swallow-veggie-capsules/131427,capsule
171,81546,EVL,EVLution Nutrition,"EVLution Nutrition, SleepMode, 60 Veggie Capsules",EVL-02069,818901000000.0,750+,$8.81 ,4.4,1936,https://www.iherb.com/pr/evlution-nutrition-sleepmode-60-veggie-capsules/81546,capsule
172,120042,EUN,Eu Natural,"Eu Natural, Serenity Sleep , 60 Vegetarian Capsules",EUN-00806,855244000000.0,,$29.99 ,4.6,10,https://www.iherb.com/pr/eu-natural-serenity-sleep-60-vegetarian-capsules/120042,capsule
173,18185,BEL,Bell Lifestyle,"Bell Lifestyle, Healthy Blood Pressure Support, 60 Veggie Capsules",BEL-10908,771733000000.0,,$16.13 ,4.2,65,https://www.iherb.com/pr/bell-lifestyle-healthy-blood-pressure-support-60-veggie-capsules/18185,capsule
175,121028,GAI,Gaia Herbs,"Gaia Herbs, Sleep, 40 Gummies",GAI-15211,751063000000.0,,$17.99 ,4.2,29,https://www.iherb.com/pr/gaia-herbs-sleep-40-gummies/121028,gummy
176,108969,JYS,JoySpring,"JoySpring, Calmify, Liquid Magnesium, 1 fl oz (30 ml)",JYS-88919,850009000000.0,,$24.99 ,4.6,287,https://www.iherb.com/pr/joyspring-calmify-liquid-magnesium-1-fl-oz-30-ml/108969,liquid
177,1358,SNS,Source Naturals,"Source Naturals, Sleep Science, NightRest With Melatonin, 100 Tablets",SNS-00358,21078003588.0,"3,000+",$9.71 ,4.5,4132,https://www.iherb.com/pr/source-naturals-sleep-science-nightrest-with-melatonin-100-tablets/1358,tablet
178,81880,NBG,Nutra BioGenesis,"Nutra BioGenesis, Sleep Factors, 60 Capsules",NBG-57653,812807000000.0,,$40.99 ,4.7,22,https://www.iherb.com/pr/nutra-biogenesis-sleep-factors-60-capsules/81880,capsule
179,122141,VET,NaturVet,"NaturVet, Quiet Moments, Calming Aid + Melatonin, For Dogs, 60 Chewable Tabs, 6.3 oz (180 g)",VET-03571,797801000000.0,,$24.99 ,4.7,18,https://www.iherb.com/pr/naturvet-quiet-moments-calming-aid-melatonin-for-dogs-60-chewable-tabs-6-3-oz-180-g/122141,chew
180,144204,SNS,Source Naturals,"Source Naturals, NightRest™ With Melatonin, 50 Tablets",SNS-00357,21078003571.0,,$6.29 ,4.9,12,https://www.iherb.com/pr/source-naturals-nightrest-with-melatonin-50-tablets/144204,tablet
181,144348,HEC,Herbs Etc.,"Herbs Etc., Menopautonic™, 60 Softgels",HEC-52006,765705000000.0,,$33.98 ,5.0,2,https://www.iherb.com/pr/herbs-etc-menopautonic-60-softgels/144348,capsule
182,1344,SNS,Source Naturals,"Source Naturals, Sleep Science, NutraSleep, 100 Tablets",SNS-00750,21078007500.0,100+,$13.07 ,4.4,284,https://www.iherb.com/pr/source-naturals-sleep-science-nutrasleep-100-tablets/1344,tablet
184,117069,FOA,Force Factor,"Force Factor, Somnapure®, Melatonin + Natural Botanicals, 30 Tablets",FOA-00211,852496000000.0,,$8.49 ,4.7,42,https://www.iherb.com/pr/force-factor-somnapure-melatonin-natural-botanicals-30-tablets/117069,tablet
185,99144,BAB,Mommy's Bliss,"Mommy's Bliss, Kids, Organic Cough Syrup & Mucus, Night Time, 1-12 Yrs, 4 fl oz (120 ml)",BAB-07151,679234000000.0,200+,$8.16 ,4.8,1041,https://www.iherb.com/pr/mommy-s-bliss-kids-organic-cough-syrup-mucus-night-time-1-12-yrs-4-fl-oz-120-ml/99144,liquid
186,77534,IRW,Irwin Naturals,"Irwin Naturals, Sunny Mood® with 5-HTP, Plus Vitamin D3, 80 Liquid Soft-Gels",IRW-59140,710364000000.0,,$22.39 ,4.6,103,https://www.iherb.com/pr/irwin-naturals-sunny-mood-with-5-htp-plus-vitamin-d3-80-liquid-soft-gels/77534,gel
187,140624,BAB,Mommy's Bliss,"Mommy's Bliss, Kids Sleep Chewable,  Melatonin + Immune Support, Age 3 Years+, Mixed Berry, 50 Chewable Tablets",BAB-07640,679234000000.0,400+,$10.99 ,4.8,101,https://www.iherb.com/pr/mommy-s-bliss-kids-sleep-chewable-melatonin-immune-support-age-3-years-mixed-berry-50-chewable-tablets/140624,tablet
188,102037,VET,NaturVet,"NaturVet, Quiet Moments, Calming Aid + Melatonin, For Dogs, 240 Soft Chews, 18.6 oz (528 g)",VET-03739,797801000000.0,,$28.79 ,4.4,469,https://www.iherb.com/pr/naturvet-quiet-moments-calming-aid-melatonin-for-dogs-240-soft-chews-18-6-oz-528-g/102037,chew
190,81233,ZHO,Zhou Nutrition,"Zhou Nutrition, Driftoff, Soothing Sleep Formula, 60 Capsules",ZHO-00609,859805000000.0,,$21.99 ,4.1,50,https://www.iherb.com/pr/zhou-nutrition-driftoff-soothing-sleep-formula-60-capsules/81233,capsule
191,116626,WGH,WishGarden Herbs,"WishGarden Herbs, Liquid™ Bliss, Mood Elevator, 2 fl. oz. (59 ml)",WGH-13872,656490000000.0,,$14.45 ,4.6,8,https://www.iherb.com/pr/wishgarden-herbs-liquid-bliss-mood-elevator-2-fl-oz-59-ml/116626,liquid
192,116635,WGH,WishGarden Herbs,"WishGarden Herbs, Emotional™ Ally, 2 fl oz (59 ml)",WGH-02372,656490000000.0,,$14.40 ,4.6,13,https://www.iherb.com/pr/wishgarden-herbs-emotional-ally-2-fl-oz-59-ml/116635,liquid
193,121078,HEP,Healthy Pup,"Healthy Pup, Healthy Calm, Anxiety, For Dogs, 60 Soft Chews, 4.6 oz (132 g)",HEP-70575,840309000000.0,,$14.24 ,4.4,197,https://www.iherb.com/pr/healthy-pup-healthy-calm-anxiety-for-dogs-60-soft-chews-4-6-oz-132-g/121078,chew
194,135702,BBI,Bark Bistro,"Bark Bistro, Relax Budder, Peanut Butter, For Dogs, 17 oz (480 g)",BBI-57225,860004000000.0,,$13.75 ,4.5,10,https://www.iherb.com/pr/bark-bistro-relax-budder-peanut-butter-for-dogs-17-oz-480-g/135702,dog food
195,140146,NFS,Natural Factors,"Natural Factors, RegenerLife, Sleep Better with Melatonin, L-Theanine & Botanicals, 60 Tri-Layer Tablets",NFS-01903,68958019031.0,,$22.37 ,4.6,12,https://www.iherb.com/pr/natural-factors-regenerlife-sleep-better-with-melatonin-l-theanine-botanicals-60-tri-layer-tablets/140146,tablet
196,134216,RXM,Relaxium,"Relaxium, Sleep, 60 Vegan Capsules",RXM-00319,857431000000.0,100+,$22.49 ,3.8,10,https://www.iherb.com/pr/relaxium-sleep-60-vegan-capsules/134216,capsule
199,138322,MRO,MaryRuth's,"MaryRuth's, Organic Calming Kava Liquid Extract, Alcohol Free, 1,180 mg, 1 fl oz (30 ml)",MRO-47167,850018000000.0,,$19.95 ,4.7,19,https://www.iherb.com/pr/maryruth-s-organic-calming-kava-liquid-extract-alcohol-free-1-180-mg-1-fl-oz-30-ml/138322,liquid
201,96712,GAI,Gaia Herbs,"Gaia Herbs, Women, Menopause Support, Nighttime, With Black Cohosh & Mimosa, 60 Vegan Liquid Phyto-Caps®",GAI-15086,751063000000.0,,$30.59 ,4.5,24,https://www.iherb.com/pr/gaia-herbs-women-menopause-support-nighttime-with-black-cohosh-mimosa-60-vegan-liquid-phyto-caps/96712,capsule
203,132398,WGH,WishGarden Herbs,"WishGarden Herbs, Kids, Sleepy Nights & Fresh Mornings, 2 fl oz (59 ml)",WGH-55502,656491000000.0,,$17.49 ,4.8,5,https://www.iherb.com/pr/wishgarden-herbs-kids-sleepy-nights-fresh-mornings-2-fl-oz-59-ml/132398,liquid
204,68757,IRW,Irwin Naturals,"Irwin Naturals, Power to Sleep PM, Melatonin-Free, 50 Liquid Soft-Gels",IRW-58550,710364000000.0,,$12.59 ,4.3,19,https://www.iherb.com/pr/irwin-naturals-power-to-sleep-pm-melatonin-free-50-liquid-soft-gels/68757,gel
205,46689,IRW,Irwin Naturals,"Irwin Naturals, Sunny Mood with Rhodiola, 75 Liquid Soft-Gels",IRW-58051,710364000000.0,,$22.39 ,4.3,244,https://www.iherb.com/pr/irwin-naturals-sunny-mood-with-rhodiola-75-liquid-soft-gels/46689,gel
206,118444,NTA,Nature's Answer,"Nature's Answer, Natural Mullein X Cough Syrup, 4 fl oz (120 ml)",NTA-26254,83000262548.0,,$18.74 ,4.8,10,https://www.iherb.com/pr/nature-s-answer-natural-mullein-x-cough-syrup-4-fl-oz-120-ml/118444,liquid
208,107931,VET,NaturVet,"NaturVet, Emotional Support, Daily Calming Aid +24/7 Support, For Dogs, 120 Soft Chews, 12.6 oz (360 g)",VET-60239,797802000000.0,,$23.24 ,4.4,113,https://www.iherb.com/pr/naturvet-emotional-support-daily-calming-aid-24-7-support-for-dogs-120-soft-chews-12-6-oz-360-g/107931,chew
209,116631,WGH,WishGarden Herbs,"WishGarden Herbs, Serious™ Relaxer & Muscle Tension, 2 fl oz (59 ml)",WGH-94472,656491000000.0,,$14.43 ,4.2,28,https://www.iherb.com/pr/wishgarden-herbs-serious-relaxer-muscle-tension-2-fl-oz-59-ml/116631,liquid
210,120529,RMS,Real Mushrooms,"Real Mushrooms, Mushroom Relax Soft Chews, 60 Chews",RMS-06870,628110000000.0,,$36.71 ,3.9,8,https://www.iherb.com/pr/real-mushrooms-mushroom-relax-soft-chews-60-chews/120529,chew
211,99634,GAI,Gaia Herbs,"Gaia Herbs, Calm A.S.A.P., 60 Vegan Liquid Phyto-Caps",GAI-15049,751063000000.0,200+,$31.49 ,4.7,244,https://www.iherb.com/pr/gaia-herbs-calm-a-s-a-p-60-vegan-liquid-phyto-caps/99634,capsule
212,7503,NAP,NaturesPlus,"NaturesPlus, Sleep Assure, 60 Bi-Layered Tablets",NAP-04760,97467047600.0,,$13.27 ,4.2,19,https://www.iherb.com/pr/naturesplus-sleep-assure-60-bi-layered-tablets/7503,tablet
213,33841,NTB,Natural Balance,"Natural Balance, Happy Sleeper, 60 VegCaps",NTB-79982,47868799820.0,,$17.99 ,4.0,34,https://www.iherb.com/pr/natural-balance-happy-sleeper-60-vegcaps/33841,capsule
214,80498,VFU,VitaFusion,"VitaFusion, Melatonin, Natural White Tea & Peach, Sugar Free, 140 Gummies",VFU-02671,27917026718.0,500+,$14.63 ,4.8,599,https://www.iherb.com/pr/vitafusion-melatonin-natural-white-tea-peach-sugar-free-140-gummies/80498,gummy
215,136325,VNU,Vital Nutrients,"Vital Nutrients, Tension Ease With Ashwagandha, 60 Vegan Capsules",VNU-28211,693465000000.0,,$31.90 ,5.0,4,https://www.iherb.com/pr/vital-nutrients-tension-ease-with-ashwagandha-60-vegan-capsules/136325,capsule
216,139382,MRO,MaryRuth's,"MaryRuth's, Organic Kids Focus & Attention Liquid Extract, Alcohol Free, 1,180 mg, 1 fl oz (30 ml)",MRO-39202,850029000000.0,400+,$24.95 ,4.6,248,https://www.iherb.com/pr/maryruth-s-organic-kids-focus-attention-liquid-extract-alcohol-free-1-180-mg-1-fl-oz-30-ml/139382,liquid
217,39945,NOW,NOW Foods,"NOW Foods, Real Tea, Nighttime, Caffeine-Free, 24 Tea Bags, 1.7 oz (48 g)",NOW-04231,733739000000.0,,$5.25 ,4.5,72,https://www.iherb.com/pr/now-foods-real-tea-nighttime-caffeine-free-24-tea-bags-1-7-oz-48-g/39945,food
218,142453,CYM,Cymbiotika,"Cymbiotika, Sleep, Liposomal Delivery, Cacao, 1.7 fl oz (52 ml)",CYM-14638,850033000000.0,,$30.39 ,5.0,5,https://www.iherb.com/pr/cymbiotika-sleep-liposomal-delivery-cacao-1-7-fl-oz-52-ml/142453,liquid
220,122153,VET,NaturVet,"NaturVet, Scoopables, Quiet Moments Calming Aid + Melatonin, For Dogs, Bacon, 11 oz (315 g)",VET-60544,797802000000.0,,$14.90 ,4.6,17,https://www.iherb.com/pr/naturvet-scoopables-quiet-moments-calming-aid-melatonin-for-dogs-bacon-11-oz-315-g/122153,dog food
221,142214,RPG,Ready Pet Go,"Ready Pet Go, Calming & Relaxing, For Dogs, All Ages, Bacon & Cheese, 60 Soft Chews, 8.5 oz (240 g)",RPG-27723,850018000000.0,,$15.99 ,4.2,16,https://www.iherb.com/pr/ready-pet-go-calming-relaxing-for-dogs-all-ages-bacon-cheese-60-soft-chews-8-5-oz-240-g/142214,chew
222,132394,WGH,WishGarden Herbs,"WishGarden Herbs, Kids, Attention Ally Focus Friend, 2 fl oz (59 ml)",WGH-17102,656490000000.0,,$14.50 ,3.4,5,https://www.iherb.com/pr/wishgarden-herbs-kids-attention-ally-focus-friend-2-fl-oz-59-ml/132394,liquid
224,85264,GOL,Garden of Life,"Garden of Life, MyKind Organics, Sleep Well, R&R Spray, 2 fl oz (58 ml)",GOL-12321,658010000000.0,,$23.09 ,4.4,383,https://www.iherb.com/pr/garden-of-life-mykind-organics-sleep-well-r-r-spray-2-fl-oz-58-ml/85264,liquid
225,138810,VNU,Vital Nutrients,"Vital Nutrients, Sleep Aide, 60 Vegan Capsules",VNU-26911,693465000000.0,,$36.90 ,5.0,1,https://www.iherb.com/pr/vital-nutrients-sleep-aide-60-vegan-capsules/138810,capsule
226,143821,PAD,PatchAid,"PatchAid, Sleep Aid Topical Patch for Kids, 30 Patches",PAD-29745,737669000000.0,100+,$18.95 ,4.2,20,https://www.iherb.com/pr/patchaid-sleep-aid-topical-patch-for-kids-30-patches/143821,patch
227,141922,MVN,MAV Nutrition,"MAV Nutrition, Night Time Fat Burner , 60 Capsules",MVN-27359,850018000000.0,,$15.99 ,4.5,254,https://www.iherb.com/pr/mav-nutrition-night-time-fat-burner-60-capsules/141922,capsule
228,9576,ECN,Econugenics,"Econugenics, ecoSleep, Restorative Sleep Repair, 60 Vegetarian Capsules",ECN-00024,892985000000.0,,$41.40 ,4.8,6,https://www.iherb.com/pr/econugenics-ecosleep-restorative-sleep-repair-60-vegetarian-capsules/9576,capsule
229,114393,GSN,Gaspari Nutrition,"Gaspari Nutrition, Cytolean Night Time PM Formula , 90 Capsules",GSN-03230,646511000000.0,,$27.99 ,4.6,38,https://www.iherb.com/pr/gaspari-nutrition-cytolean-night-time-pm-formula-90-capsules/114393,capsule
230,122147,VET,NaturVet,"NaturVet, Scoopables Emotional Support, Daily Calming Aid, For Dogs, Bacon, 45 Scoops, 11 oz (315 g)",VET-60532,797802000000.0,,$14.69 ,4.5,13,https://www.iherb.com/pr/naturvet-scoopables-emotional-support-daily-calming-aid-for-dogs-bacon-45-scoops-11-oz-315-g/122147,dog food
231,116775,VET,NaturVet,"NaturVet, Evolutions, Advanced Calming Support, For Dogs, 90 Soft Chews, 6.9 oz (198 g)",VET-60342,797802000000.0,,$16.99 ,4.5,33,https://www.iherb.com/pr/naturvet-evolutions-advanced-calming-support-for-dogs-90-soft-chews-6-9-oz-198-g/116775,chew
232,135782,JYS,JoySpring,"JoySpring, Mood Munchies, Natural Mixed Berry , 60 Gummies",JYS-88973,850009000000.0,,$22.99 ,4.9,14,https://www.iherb.com/pr/joyspring-mood-munchies-natural-mixed-berry-60-gummies/135782,gummy
233,54199,AOR,Advanced Orthomolecular Research AOR,"Advanced Orthomolecular Research AOR, Ortho Sleep™ with Cyracos, 60 Capsules",AOR-08186,624917000000.0,100+,$35.16 ,4.3,61,https://www.iherb.com/pr/advanced-orthomolecular-research-aor-ortho-sleep-with-cyracos-60-capsules/54199,capsule
234,103183,FOA,Force Factor,"Force Factor, Somnapure, Drug-Free Sleep Aid, 60 Tablets",FOA-00265,852496000000.0,200+,$13.49 ,4.4,193,https://www.iherb.com/pr/force-factor-somnapure-drug-free-sleep-aid-60-tablets/103183,tablet
235,41988,YGT,Yogi Tea,"Yogi Tea, Stress Relief, Honey Lavender, Caffeine Free, 16 Tea Bags, 1.02 oz (29 g)",YGT-20454,76950204546.0,"7,500+",$4.48 ,4.6,29924,https://www.iherb.com/pr/yogi-tea-stress-relief-honey-lavender-caffeine-free-16-tea-bags-1-02-oz-29-g/41988,food
236,122238,NBS,NuBest,"NuBest, Sleep Xtra, 60 Vegetarian Capsules",NBS-01667,850011000000.0,,$16.72 ,4.6,9,https://www.iherb.com/pr/nubest-sleep-xtra-60-vegetarian-capsules/122238,capsule
237,86581,FBS,FutureBiotics,"Futurebiotics, Relax & Sleep®, 120 Vegetarian Tablets",FBS-00016,49479000166.0,500+,$12.25 ,4.5,1728,https://www.iherb.com/pr/futurebiotics-relax-sleep-120-vegetarian-tablets/86581,tablet
238,127940,CRK,Creekside Natural Therapeutics,"Creekside Natural Therapeutics, Children's Zen Comfort, Raspberry, 60 Fruit Chews, 9.3 oz",CRK-00444,856075000000.0,,$18.39 ,4.6,50,https://www.iherb.com/pr/creekside-natural-therapeutics-children-s-zen-comfort-raspberry-60-fruit-chews-9-3-oz/127940,chew
239,98809,VFU,VitaFusion,"VitaFusion, Max Strength Melatonin, Natural Strawberry, 10 mg, 100 Gummies (5 mg per Gummy)",VFU-27173,27917271736.0,400+,$13.63 ,4.7,368,https://www.iherb.com/pr/vitafusion-max-strength-melatonin-natural-strawberry-10-mg-100-gummies-5-mg-per-gummy/98809,gummy
240,142835,DFH,Designs For Health,"Designs For Health, Insomnitol™, 60 Vegetarian Capsules",DFH-00281,879452000000.0,,$53.49 ,4.6,9,https://www.iherb.com/pr/designs-for-health-insomnitol-60-vegetarian-capsules/142835,capsule
241,54966,CRO,Christopher's Original Formulas,"Christopher's Original Formulas, Slumber, 425 mg, 100 Vegetarian Caps",CRO-81050,84783810506.0,,$15.79 ,4.3,92,https://www.iherb.com/pr/christopher-s-original-formulas-slumber-425-mg-100-vegetarian-caps/54966,capsule
242,125237,MTG,Metagenics,"Metagenics, Benesom, 60 Tablets",MTG-93411,755572000000.0,,$43.75 ,5.0,2,https://www.iherb.com/pr/metagenics-benesom-60-tablets/125237,tablet
244,114921,GOI,Goli Nutrition,"Goli Nutrition, Dreamy Sleep Gummies, 60 Gummies",GOI-40253,55840402538.0,300+,$14.98 ,4.6,174,https://www.iherb.com/pr/goli-nutrition-dreamy-sleep-gummies-60-gummies/114921,gummy
245,113814,NOB,Nobi Nutrition,"Nobi Nutrition, Night Time Fat Burner Gummies, Raspberry, 60 Pectin Based Gummies",NOB-27437,850018000000.0,100+,$24.95 ,4.4,200,https://www.iherb.com/pr/nobi-nutrition-night-time-fat-burner-gummies-raspberry-60-pectin-based-gummies/113814,gummy
246,133367,NCA,Nature's Craft,"Nature's Craft, Sleep Support, 60 Capsules",NCA-66065,793598000000.0,,$14.55 ,4.0,11,https://www.iherb.com/pr/nature-s-craft-sleep-support-60-capsules/133367,capsule
247,116158,IRW,Irwin Naturals,"Irwin Naturals, Rhodiola-Plus, 75 Liquid Soft-Gels",IRW-40532,840081000000.0,,$27.99 ,4.4,16,https://www.iherb.com/pr/irwin-naturals-rhodiola-plus-75-liquid-soft-gels/116158,gel
248,12130,TLT,Triple Leaf Tea,"Triple Leaf Tea, Relaxing, Caffeine Free, 20 Tea Bags, 1.16 oz (33 g)",TLT-00003,23991000033.0,,$4.16 ,4.5,72,https://www.iherb.com/pr/triple-leaf-tea-relaxing-caffeine-free-20-tea-bags-1-16-oz-33-g/12130,food
249,69450,HBP,Herb Pharm,"Herb Pharm, Kid's, Captain Concentrate, Alcohol Free, 1 fl oz (30 ml)",HBP-03078,90700030780.0,100+,$12.78 ,4.6,59,https://www.iherb.com/pr/herb-pharm-kid-s-captain-concentrate-alcohol-free-1-fl-oz-30-ml/69450,capsule
250,130624,OLY,Olympian Labs,"Olympian Labs, Rest Easy, 60 Vegetarian Capsules",OLY-00048,710013000000.0,,$7.59 ,4.3,3,https://www.iherb.com/pr/olympian-labs-rest-easy-60-vegetarian-capsules/130624,capsule
251,138813,VNU,Vital Nutrients,"Vital Nutrients, Sleep + Recover, 90 Vegan Capsules",VNU-49221,693465000000.0,,$85.90 ,4.3,3,https://www.iherb.com/pr/vital-nutrients-sleep-recover-90-vegan-capsules/138813,capsule
252,128797,VFU,VitaFusion,"VitaFusion, Melatonin-Free Sleep, Tart Cherry Peach, 40 Gummies",VFU-00216,27917002163.0,,$13.47 ,4.4,18,https://www.iherb.com/pr/vitafusion-melatonin-free-sleep-tart-cherry-peach-40-gummies/128797,gummy
255,136121,ZTP,Zesty Paws,"Zesty Paws, Calming Bites,  For Puppy, Behavior, All Ages, Turkey, 90 Soft Chews",ZTP-59226,810031000000.0,,$9.69 ,4.0,2,https://www.iherb.com/pr/zesty-paws-calming-bites-for-puppy-behavior-all-ages-turkey-90-soft-chews/136121,chew
256,104248,ZTP,Zesty Paws,"Zesty Paws, Calming Bites for Dogs, Behavior, All Ages, Peanut Butter, 90 Soft Chews, 12.7 oz (360 g)",ZTP-00786,856521000000.0,,$34.97 ,4.4,45,https://www.iherb.com/pr/zesty-paws-calming-bites-for-dogs-behavior-all-ages-peanut-butter-90-soft-chews-12-7-oz-360-g/104248,chew
257,145321,DZN,Zen Nutrients,"Zen Nutrients, NeuraZenx®, Nerve Support, 120 Vegetable Capsules",DZN-95624,197645000000.0,,$38.51 ,5.0,4,https://www.iherb.com/pr/zen-nutrients-neurazenx-nerve-support-120-vegetable-capsules/145321,capsule
258,119538,GOI,Goli Nutrition,"Goli Nutrition, Sleep, Extra Strength, 50 Gummies",GOI-40399,55840403993.0,100+,$14.98 ,4.8,36,https://www.iherb.com/pr/goli-nutrition-sleep-extra-strength-50-gummies/119538,gummy
259,126299,STF,SteelFit,"SteelFit, Steel Dreams, 90 Capsules",STF-05006,732907000000.0,,$15.33 ,4.4,5,https://www.iherb.com/pr/steelfit-steel-dreams-90-capsules/126299,capsule
261,83023,LSE,LifeSeasons,"LifeSeasons, Mood Stabili-T, Emotional Support, 60 Veg Capsules",LSE-00264,853760000000.0,100+,$33.99 ,4.7,255,https://www.iherb.com/pr/lifeseasons-mood-stabili-t-emotional-support-60-veg-capsules/83023,capsule
262,116900,SMO,SMNutrition,"SMNutrition, Menopause Support Complex, 60 Capsules",SMO-45808,850005000000.0,,$24.95 ,4.6,264,https://www.iherb.com/pr/smnutrition-menopause-support-complex-60-capsules/116900,capsule
263,141456,ZTP,Zesty Paws,"Zesty Paws, Advanced Calming Bites, For Dogs, All Ages, Turkey Flavor, 90 Soft Chews, 11.1 oz (315 g)",ZTP-00787,856521000000.0,,$22.08 ,5.0,3,https://www.iherb.com/pr/zesty-paws-advanced-calming-bites-for-dogs-all-ages-turkey-flavor-90-soft-chews-11-1-oz-315-g/141456,chew
265,127520,TMR,Trace,"Trace, NaturalRest Plus+, 60 Tablets",TMR-00261,878941000000.0,,$19.99 ,4.6,5,https://www.iherb.com/pr/trace-naturalrest-plus-60-tablets/127520,tablet
266,120763,BAB,Mommy's Bliss,"Mommy's Bliss, Baby, Organic Cough Syrup & Mucus, Day/Night Pack, Age 4 Months+, 2 Pack, 1.67 fl oz (50 ml) Each",BAB-05153,679234000000.0,100+,$16.17 ,4.8,130,https://www.iherb.com/pr/mommy-s-bliss-baby-organic-cough-syrup-mucus-day-night-pack-age-4-months-2-pack-1-67-fl-oz-50-ml-each/120763,liquid
267,131218,HYL,Hyland's Naturals,"Hyland's Naturals, Baby, Organic Soothing Gel Combo Pack, Daytime/Nighttime, 2+ Months, Organic Cherry, 2 Tubes, 0.53 oz (15 g) Each",HYL-82007,810088000000.0,,$14.07 ,4.8,19,https://www.iherb.com/pr/hyland-s-naturals-baby-organic-soothing-gel-combo-pack-daytime-nighttime-2-months-organic-cherry-2-tubes-0-53-oz-15-g-each/131218,gel
268,136408,HNU,HUM Nutrition,"HUM Nutrition, Beauty zzZz Gummies, Blackberry, 60 Vegan Gummies",HNU-61111,850044000000.0,,$26.00 ,4.0,2,https://www.iherb.com/pr/hum-nutrition-beauty-zzzz-gummies-blackberry-60-vegan-gummies/136408,gummy
269,21595,RDH,RidgeCrest Herbals,"RidgeCrest Herbals, SereniZen, Stress Management Support, 60 Caps",RDH-00320,355724000000.0,,$16.75 ,4.3,195,https://www.iherb.com/pr/ridgecrest-herbals-serenizen-stress-management-support-60-caps/21595,capsule
270,143225,SGB,SugarbearPro,"SugarbearPro, Sleep 5-HTP Amino Gummies, 32 Gummies",SGB-10119,850044000000.0,,$34.99 ,4.9,7,https://www.iherb.com/pr/sugarbearpro-sleep-5-htp-amino-gummies-32-gummies/143225,gummy
272,1236,SNS,Source Naturals,"Source Naturals, Hi-Stress B&C With Herbs, 120 Tablets",SNS-00524,21078005247.0,,$12.20 ,4.6,253,https://www.iherb.com/pr/source-naturals-hi-stress-b-c-with-herbs-120-tablets/1236,tablet
273,143824,PAD,PatchAid,"PatchAid, Focus + Clarity Patch , 30 Patches",PAD-29213,737669000000.0,,$18.95 ,4.5,12,https://www.iherb.com/pr/patchaid-focus-clarity-patch-30-patches/143824,patch
274,112161,DEM,Dr. Emil Nutrition,"Dr. Emil Nutrition, Bedtime Burn, 60 Capsules",DEM-95629,850003000000.0,,$18.02 ,4.4,62,https://www.iherb.com/pr/dr-emil-nutrition-bedtime-burn-60-capsules/112161,capsule
275,112162,DEM,Dr. Emil Nutrition,"Dr. Emil Nutrition, EZ DOZE Plus , 60 Capsules",DEM-95651,850003000000.0,,$23.69 ,4.4,30,https://www.iherb.com/pr/dr-emil-nutrition-ez-doze-plus-60-capsules/112162,capsule
276,39218,IRW,Irwin Naturals,"Irwin Naturals, Power to Sleep PM®, 120 Liquid Soft-Gels",IRW-57827,710364000000.0,100+,$25.56 ,4.5,476,https://www.iherb.com/pr/irwin-naturals-power-to-sleep-pm-120-liquid-soft-gels/39218,gel
278,39650,CLF,Country Life,"Country Life, Stress Shield Nighttime, Triple Action, 60 Vegan Capsules",CLF-05042,15794050421.0,,$39.44 ,4.8,17,https://www.iherb.com/pr/country-life-stress-shield-nighttime-triple-action-60-vegan-capsules/39650,capsule
279,134213,RXM,Relaxium,"Relaxium, Calm, 60 Capsules",RXM-00320,857431000000.0,,$16.93 ,4.6,7,https://www.iherb.com/pr/relaxium-calm-60-capsules/134213,capsule
281,139804,NTA,Nature's Answer,"Nature's Answer, Natural Mullein-X Cough Syrup PM, Nighttime , 4 fl oz (120 ml)",NTA-26259,83000262593.0,,$11.99 ,4.8,4,https://www.iherb.com/pr/nature-s-answer-natural-mullein-x-cough-syrup-pm-nighttime-4-fl-oz-120-ml/139804,liquid
282,115904,BAB,Mommy's Bliss,"Mommy's Bliss, Organic Baby Bedtime Drops, Age 4 Months+, 2 fl oz (60 ml)",BAB-05181,679234000000.0,750+,$9.99 ,4.4,631,https://www.iherb.com/pr/mommy-s-bliss-organic-baby-bedtime-drops-age-4-months-2-fl-oz-60-ml/115904,liquid
283,112163,DEM,Dr. Emil Nutrition,"Dr. Emil Nutrition, EZ DOZE, 60 Capsules",DEM-95650,850003000000.0,,$21.62 ,4.4,34,https://www.iherb.com/pr/dr-emil-nutrition-ez-doze-60-capsules/112163,capsule
284,63577,BAB,Mommy's Bliss,"Mommy's Bliss, Night Time, Gripe Water, 1 Month+, 4 fl oz (120 ml)",BAB-05410,679234000000.0,"1,000+",$13.11 ,4.6,6319,https://www.iherb.com/pr/mommy-s-bliss-night-time-gripe-water-1-month-4-fl-oz-120-ml/63577,liquid
286,120860,FOA,Force Factor,"Force Factor, Liquid Labs™ Sleep, Night Time Electrolyte Drink Mix, Dream Berry, 20 Stick Packs, 0.25 oz (7 g) Each",FOA-01944,818594000000.0,,$14.98 ,4.6,31,https://www.iherb.com/pr/force-factor-liquid-labs-sleep-night-time-electrolyte-drink-mix-dream-berry-20-stick-packs-0-25-oz-7-g-each/120860,food
287,103318,BOI,Boiron,"Boiron, SleepCalm, Unflavored , 60 Meltaway Tablets",BOI-31004,306969000000.0,"1,000+",$8.81 ,4.3,1637,https://www.iherb.com/pr/boiron-sleepcalm-unflavored-60-meltaway-tablets/103318,tablet
288,107065,BOI,Boiron,"Boiron, SleepCalm™ Kids, Liquid Doses, 3+ Years, Melatonin-Free, 15 Pre-Measured Liquid Doses, 0.034 fl oz (1 ml) Each",BOI-30909,306969000000.0,200+,$8.46 ,4.3,280,https://www.iherb.com/pr/boiron-sleepcalm-kids-liquid-doses-3-years-melatonin-free-15-pre-measured-liquid-doses-0-034-fl-oz-1-ml-each/107065,liquid
289,8175,HEE,MediNatura,"MediNatura, WellMind™ Calming Day/Night, 100 Tablets",HEE-70403,787648000000.0,100+,$11.19 ,4.5,964,https://www.iherb.com/pr/medinatura-wellmind-calming-day-night-100-tablets/8175,tablet
290,124252,BOI,Boiron,"Boiron, SleepCalm On The Go, 2 Portable Tubes, Approx. 80 Pellets Each",BOI-31142,306969000000.0,,$6.12 ,4.6,71,https://www.iherb.com/pr/boiron-sleepcalm-on-the-go-2-portable-tubes-approx-80-pellets-each/124252,tablet
291,71052,NWY,Nature's Way,"Nature's Way, Umcka, Cold Care, Day + Night, Soothing Hot Drink, Lemon-Citrus, Honey-Lemon, 12 Packets, 0.17 oz Each,  (8 Day / 4 Night)",NWY-10601,33674106013.0,100+,$11.60 ,4.8,656,https://www.iherb.com/pr/nature-s-way-umcka-cold-care-day-night-soothing-hot-drink-lemon-citrus-honey-lemon-12-packets-0-17-oz-each-8-day-4-night/71052,food
